"ID","Text","Language","Type","Author Name","Author Username","View Count","Reply Count","Retweet Count","Quote Count","Favorite Count","Bookmark Count","Created At","Tweet URL","Source","Hashtags","URLs","Media Type","Media URLs"
"2036841973223661673","👀👀#IPL2026 https://t.co/jNnpbRtjg0","qme","Tweet","Ashwin 🇮🇳","ashwinravi99","659990","228","147","66","7415","203","2026-03-25 21:55:43","https://x.com/ashwinravi99/status/2036841973223661673","<a href=""http://twitter.com/download/iphone"" rel=""nofollow"">Twitter for iPhone</a>","#IPL2026","","photo","https://pbs.twimg.com/media/HERNqcsaEAAcdyb.jpg"
"2036678579992543717","A new season and a different format to discuss the teams fortunes.

We start with RCB , see if Punjab have upgraded their squad and of course if GT will retain their play off spot from last season.

Previewing one team is directly proportional to another.🤓 @crikipidea 
 
Preview out⬇️⬇️⬇️

https://t.co/ZJlGfcsRYB","en","Tweet","Ashwin 🇮🇳","ashwinravi99","82497","41","38","5","869","41","2026-03-25 11:06:27","https://x.com/ashwinravi99/status/2036678579992543717","<a href=""http://twitter.com/download/iphone"" rel=""nofollow"">Twitter for iPhone</a>","","","video","https://video.twimg.com/amplify_video/2036678449579053056/vid/avc1/2194x1206/wKZKMCz2jlEhA20m.mp4?tag=21"
"2036446606455873649","Ben Duckett pulls out of the IPL now!

Delhi capitals are waiting on a return date for Starc as well. 

Who could be the potential replacement? #ipl2026 https://t.co/Bm8v88aA64","en","Tweet","Ashwin 🇮🇳","ashwinravi99","274548","399","206","44","6683","75","2026-03-24 19:44:40","https://x.com/ashwinravi99/status/2036446606455873649","<a href=""http://twitter.com/download/iphone"" rel=""nofollow"">Twitter for iPhone</a>","#ipl2026","","photo","https://pbs.twimg.com/media/HELpZOgbYAAOc-B.jpg"
"2035360948509368781","As we take the Charminar Express and head to Chennai, ( from my previous tweet) Sanju doing some fielding practice with James Foster.

Not just warm up catches, but high balls in the deep.

Indications or just gradually easing in?#ipl2026 #CSK https://t.co/J1YLa8D2JW","en","Tweet","Ashwin 🇮🇳","ashwinravi99","402791","123","354","62","8279","144","2026-03-21 19:50:39","https://x.com/ashwinravi99/status/2035360948509368781","<a href=""http://twitter.com/download/iphone"" rel=""nofollow"">Twitter for iPhone</a>","#ipl2026, #CSK","","photo","https://pbs.twimg.com/media/HD8N_labcAAjkeh.jpg
https://pbs.twimg.com/media/HD8N_lSaYAAwUTB.jpg"
"2035358325379064098","SRH ‘A’ just finished their batting Innings and ended up making 240+ in their practice match at the Rajiv Gandhi international stadium.

Abhishek Sharma narrowly missed a ton to probably save up for the main event.🤓

Their new recruit Salil Arora smashed a quick fire 40 too.

A sign of the kind of scores we will end up seeing this IPL, especially from the men in Orange?","en","Tweet","Ashwin 🇮🇳","ashwinravi99","511324","199","414","37","8978","181","2026-03-21 19:40:14","https://x.com/ashwinravi99/status/2035358325379064098","<a href=""http://twitter.com/download/iphone"" rel=""nofollow"">Twitter for iPhone</a>","","","photo","https://pbs.twimg.com/media/HD8Lm6ebgAE2N88.jpg"
"2034914149344715261","Oh no! Why not this IPL?","en","Tweet","Ashwin 🇮🇳","ashwinravi99","1497280","291","521","71","14151","443","2026-03-20 14:15:14","https://x.com/ashwinravi99/status/2034914149344715261","<a href=""http://twitter.com/download/iphone"" rel=""nofollow"">Twitter for iPhone</a>","","","",""
"2034900501188468988","I am retiring from commentary for BCCI","en","Quoted","Laxman Sivaramakrishnan","LaxmanSivarama1","2217555","601","290","158","4273","219","2026-03-20 13:21:00","https://x.com/LaxmanSivarama1/status/2034900501188468988","<a href=""http://twitter.com/download/iphone"" rel=""nofollow"">Twitter for iPhone</a>","","","",""
"2030900135149150223","After the penny drops.

Some wins feel special, and this one truly does from a POV “ this isn’t just a World Cup win, it’s a statement.

@surya_14kumar  for the fearless energy you bring to the team is infectious.

@GautamGambhir for the grit and winning mindset you have managed to instil.

@IamSanjuSamson for staying calm, classy and always carrying the hopes of so many fans with grace.

When the pressure peaks, you somehow become even better. Simply priceless. @Jaspritbumrah93 

Congratulations on bringing the T20 World Cup home. Moments like these will stay with us forever. 🇮🇳🏆","en","Tweet","Ashwin 🇮🇳","ashwinravi99","375372","174","2232","8","35640","189","2026-03-09 12:24:59","https://x.com/ashwinravi99/status/2030900135149150223","<a href=""http://twitter.com/download/iphone"" rel=""nofollow"">Twitter for iPhone</a>","","","photo","https://pbs.twimg.com/media/HC805ULaEAA4_7Z.jpg"
"2030609597065822543","Join us tonight for the watchalong. And before you ask, PDogg will join as usual for the post match review. https://t.co/YADOGwdhgN","en","Tweet","Ashwin 🇮🇳","ashwinravi99","54394","86","61","3","1461","7","2026-03-08 17:10:29","https://x.com/ashwinravi99/status/2030609597065822543","<a href=""http://twitter.com/download/iphone"" rel=""nofollow"">Twitter for iPhone</a>","","","photo","https://pbs.twimg.com/media/HC4sqeab0AAvtyl.jpg"
"2030270580432465979","All the best Sarfaraz!

Time to keep square leg busy🤝","en","Tweet","Ashwin 🇮🇳","ashwinravi99","245615","59","583","3","15842","50","2026-03-07 18:43:21","https://x.com/ashwinravi99/status/2030270580432465979","<a href=""http://twitter.com/download/iphone"" rel=""nofollow"">Twitter for iPhone</a>","","","",""
"2030214249872810238","NUMBER 97 IN CHENNAI SUPER KINGS - SARFARAZ KHAN 💛 https://t.co/JNpc9B0kIz","en","Quoted","Johns.","CricCrazyJohns","314436","60","273","10","5692","25","2026-03-07 14:59:31","https://x.com/CricCrazyJohns/status/2030214249872810238","<a href=""http://twitter.com/download/android"" rel=""nofollow"">Twitter for Android</a>","","","photo","https://pbs.twimg.com/media/HCzFGfhaAAARyYy.jpg"
"2030162071099428990","This is a World Cup i have well and truly enjoyed covering & the best part has been how there has been scope for some tactical discussion through my new attempt “Tactical Dugout”( in English ) #T20WorldCup 

Here is a small preview of some interesting match ups. ⬇️⬇️

https://t.co/VkCcJczjkZ

Also some exciting future content loading on the “Tactical Dugout”as the men in yellow gear up for #aarupadaiyappa #6TL @crikipidea 

Tell me what you think of these pictures.","en","Tweet","Ashwin 🇮🇳","ashwinravi99","352823","72","290","6","8417","273","2026-03-07 11:32:10","https://x.com/ashwinravi99/status/2030162071099428990","<a href=""http://twitter.com/download/iphone"" rel=""nofollow"">Twitter for iPhone</a>","#T20WorldCup, #aarupadaiyappa, #6TL","","photo","https://pbs.twimg.com/media/HCyVoFAaYAA9ZKf.jpg
https://pbs.twimg.com/media/HCyVoE9bwAAkkUx.jpg
https://pbs.twimg.com/media/HCyVoE_bkAA_cys.jpg"
"2029534100210716943","Can’t wait to do this!
Exciting day and excited to see you all there. https://t.co/qam9TNO8yG","en","Tweet","Ashwin 🇮🇳","ashwinravi99","68705","70","75","5","1960","19","2026-03-05 17:56:51","https://x.com/ashwinravi99/status/2029534100210716943","<a href=""http://twitter.com/download/iphone"" rel=""nofollow"">Twitter for iPhone</a>","","","photo","https://pbs.twimg.com/media/HCpagX8bMAEt_1Y.jpg"
"2029368725917581590","Harsh on a team like SA.

Hopefully this will change.","en","Tweet","Ashwin 🇮🇳","ashwinravi99","392169","101","147","6","3866","81","2026-03-05 06:59:42","https://x.com/ashwinravi99/status/2029368725917581590","<a href=""http://twitter.com/download/iphone"" rel=""nofollow"">Twitter for iPhone</a>","","","",""
"2029251783584039053","Night games in T20 WC KOs (since 2014) . Toss crucial
Field First &gt;Win Match 

NZ&gt;SA
SA&gt;AFG
Eng&gt;PAK
Eng&gt;IND
Pak&gt;NZ
Aus&gt;NZ
Aus&gt;Pak
NZ&gt;ENG
WI&gt;ENG
WI&gt;IND
ENG&gt;NZ 
SL&gt;IND
IND&gt; SA 
SL&gt;WI - DLS

Only twice team won batting first. both were day games that India won. #T20WorldCup","en","Quoted","Gaurav Sundararaman","gaurav_sundar","500828","36","104","25","877","117","2026-03-04 23:15:01","https://x.com/gaurav_sundar/status/2029251783584039053","<a href=""https://mobile.twitter.com"" rel=""nofollow"">Twitter Web App</a>","#T20WorldCup","","",""
"2029234636392677404","https://t.co/B7TsE5RHR9","zxx","Tweet","Ashwin 🇮🇳","ashwinravi99","91191","46","113","1","2542","20","2026-03-04 22:06:53","https://x.com/ashwinravi99/status/2029234636392677404","<a href=""http://twitter.com/download/iphone"" rel=""nofollow"">Twitter for iPhone</a>","","","animated_gif","https://video.twimg.com/tweet_video/HClKJF9boAAaV8u.mp4"
"2029232602276577546","Thambi @ashwinravi99 bayanda madiri oru sambavam nadanduduchu. Naalai sandhippom.","hi","Quoted","Prasanna","prasannalara","242520","117","106","13","3048","19","2026-03-04 21:58:48","https://x.com/prasannalara/status/2029232602276577546","<a href=""http://twitter.com/download/iphone"" rel=""nofollow"">Twitter for iPhone</a>","","","",""
"2028127789749350768","Coming not out in T 20 cricket can do a world of good to the averages of a batter.#T20WorldCup","en","Tweet","Ashwin 🇮🇳","ashwinravi99","647540","165","982","12","27562","154","2026-03-01 20:48:40","https://x.com/ashwinravi99/status/2028127789749350768","<a href=""http://twitter.com/download/iphone"" rel=""nofollow"">Twitter for iPhone</a>","#T20WorldCup","","",""
"2027794861773230149","Kidding me @dasunshanaka1 😲😲😲

Incredible 👏👏👏 #T20WorldCup","en","Tweet","Ashwin 🇮🇳","ashwinravi99","385126","183","921","11","24461","84","2026-02-28 22:45:44","https://x.com/ashwinravi99/status/2027794861773230149","<a href=""http://twitter.com/download/iphone"" rel=""nofollow"">Twitter for iPhone</a>","#T20WorldCup","","",""
"2027774475060830533","Kamil Mishara standing between New Zealand and Pakistan right now. #T20WorldCup 
 
Talented classy looking left hander.👌 https://t.co/nWyrRkacvG","en","Tweet","Ashwin 🇮🇳","ashwinravi99","279459","211","221","23","10124","52","2026-02-28 21:24:43","https://x.com/ashwinravi99/status/2027774475060830533","<a href=""http://twitter.com/download/iphone"" rel=""nofollow"">Twitter for iPhone</a>","#T20WorldCup","","photo","https://pbs.twimg.com/media/HCQaIr7bEAEl63B.jpg"
"2027748943820668971","Looks like Sri Lanka 🇱🇰 would prefer to choose slightly in excess of 200 #slvpak #T20WorldCup https://t.co/DeCbZQi43Z","en","Tweet","Ashwin 🇮🇳","ashwinravi99","162363","150","228","12","4890","25","2026-02-28 19:43:16","https://x.com/ashwinravi99/status/2027748943820668971","<a href=""http://twitter.com/download/iphone"" rel=""nofollow"">Twitter for iPhone</a>","#slvpak, #T20WorldCup","","animated_gif","https://video.twimg.com/tweet_video/HCQC4UjbUAAS5d2.mp4"
"2027615168457494625","Harsh Dubey ( India A )

Jaydev Unadkat made a comeback &amp; i remember playing alongside him in Bangladesh &amp; West India.

Nadeem also made a come back and played a test match in Chennai &amp; Ranchi (his home ground).","en","Tweet","Ashwin 🇮🇳","ashwinravi99","232223","65","105","8","2609","53","2026-02-28 10:51:42","https://x.com/ashwinravi99/status/2027615168457494625","<a href=""http://twitter.com/download/iphone"" rel=""nofollow"">Twitter for iPhone</a>","","","",""
"2027330448809247106","No highest wicket taker in a #RanjiTrophy season in last 9 seasons has got selector's nod...shows how much we value domestic 🏏!!especially Ranji 🏆 https://t.co/3MkYl8YRh6","en","Quoted","Gaurav Gupta","toi_gauravG","565654","210","497","76","6006","216","2026-02-27 16:00:19","https://x.com/toi_gauravG/status/2027330448809247106","<a href=""http://twitter.com/download/android"" rel=""nofollow"">Twitter for Android</a>","#RanjiTrophy","","photo","https://pbs.twimg.com/media/HCKGS-Pa0AAiYMy.jpg"
"2027614223493419331","Saurashtra, Vidharba, Madhya Pradesh, Gujarat and now J & k have won the Ranji Trophy over the last decade.

These teams have found a way to prepare well with a unified goal in mind as a team.

It has paved way for cricketers like Jaydev, Harsh Dubey( India A), Rajat Patidar, Karun Nair, Axar Patel to play for India in whites. 

In time J&k would also be seeing representations from this championship winning side.

This serves as a reminder once again for  cricketers from the rest of the country, that if they stand together and play united with a Ranji trophy title as a goal, they or at least their team mates can go on to play for the country. 

Well done to J & K , it’s a massive achievement.👏👏 #RanjiTrophy 

Note: Not mentioned Karnataka & Mumbai cos they have always been hunting the title down consistently.","en","Tweet","Ashwin 🇮🇳","ashwinravi99","390418","122","409","18","7213","143","2026-02-28 10:47:56","https://x.com/ashwinravi99/status/2027614223493419331","<a href=""http://twitter.com/download/iphone"" rel=""nofollow"">Twitter for iPhone</a>","#RanjiTrophy","","photo","https://pbs.twimg.com/media/HCOIYzNaoAALjnc.jpg"
"2027026435865743560","Abhi-shaking things up once again. #T20WorldCup https://t.co/gwgI8K9KCd","en","Tweet","Ashwin 🇮🇳","ashwinravi99","158997","153","550","8","16018","49","2026-02-26 19:52:17","https://x.com/ashwinravi99/status/2027026435865743560","<a href=""http://twitter.com/download/iphone"" rel=""nofollow"">Twitter for iPhone</a>","#T20WorldCup","","photo","https://pbs.twimg.com/media/HCFxzAMasAAynOR.jpg"
"2027018032502210877","Sanju makes a come back at Chepauk and looks in pristine form.

A big summer bonanza in the offing for all the fans.
 
#T20WorldCup https://t.co/7qrCugByt7","en","Tweet","Ashwin 🇮🇳","ashwinravi99","191614","249","615","39","15937","67","2026-02-26 19:18:53","https://x.com/ashwinravi99/status/2027018032502210877","<a href=""http://twitter.com/download/iphone"" rel=""nofollow"">Twitter for iPhone</a>","#T20WorldCup","","photo","https://pbs.twimg.com/media/HCFqJ2haoAAs_vH.jpg"
"2026319605137088967","I am warning you once more https://t.co/X08mOzgfeF","en","Tweet","Ashwin 🇮🇳","ashwinravi99","223869","91","170","4","4171","41","2026-02-24 21:03:35","https://x.com/ashwinravi99/status/2026319605137088967","<a href=""http://twitter.com/download/iphone"" rel=""nofollow"">Twitter for iPhone</a>","","","animated_gif","https://video.twimg.com/tweet_video/HB7u74QbYAADnyd.mp4"
"2026295070933012762","Babar has shown intent right from first ball. Today may be his day.","en","Quoted","Prasanna","prasannalara","263183","83","16","24","741","7","2026-02-24 19:26:06","https://x.com/prasannalara/status/2026295070933012762","<a href=""http://twitter.com/download/iphone"" rel=""nofollow"">Twitter for iPhone</a>","","","",""
"2026318778385195229","Harry Brook at 3 👌👌#T20WorldCup https://t.co/5wrvHqHRSH","en","Tweet","Ashwin 🇮🇳","ashwinravi99","252751","191","583","25","22589","60","2026-02-24 21:00:18","https://x.com/ashwinravi99/status/2026318778385195229","<a href=""http://twitter.com/download/iphone"" rel=""nofollow"">Twitter for iPhone</a>","#T20WorldCup","","photo","https://pbs.twimg.com/media/HB7uL17asAACqbR.jpg"
"2026172813049254158","If Pakistan are serious about this World Cup campaign, they need to think about giving Fakhar Zaman a go in the middle order.

He can sweep and use his feet against Rashid and Dawson to inflict some serious damage through the middle overs.

This was Nepals success formulae against Rashid and there are some key learning’s that the other teams can try to imbibe.

Access the square boundaries to earn balls in the step hit zone.🤝

Wagon wheel against Nepal⬇️⬇️","en","Tweet","Ashwin 🇮🇳","ashwinravi99","535898","486","391","76","7342","173","2026-02-24 11:20:17","https://x.com/ashwinravi99/status/2026172813049254158","<a href=""http://twitter.com/download/iphone"" rel=""nofollow"">Twitter for iPhone</a>","","","photo","https://pbs.twimg.com/media/HB5pbfubQAA8kX-.jpg"
"2025962194471735758","Akeal Hosein has been a power play bank.

He is a real asset for any team.👌#T20WorldCup","en","Tweet","Ashwin 🇮🇳","ashwinravi99","205096","168","398","10","13503","50","2026-02-23 21:23:22","https://x.com/ashwinravi99/status/2025962194471735758","<a href=""http://twitter.com/download/iphone"" rel=""nofollow"">Twitter for iPhone</a>","#T20WorldCup","","",""
"2025590120511160730","Bumrah is unreal cheat code!!🐐#T20WorldCup","en","Tweet","Ashwin 🇮🇳","ashwinravi99","283113","252","645","21","19682","73","2026-02-22 20:44:53","https://x.com/ashwinravi99/status/2025590120511160730","<a href=""http://twitter.com/download/iphone"" rel=""nofollow"">Twitter for iPhone</a>","#T20WorldCup","","",""
"2025513854017687662","England refusing to play the brand of cricket they are capable of playing.

Happens mostly when there is uncertainty around the group.#T20WorldCup","en","Tweet","Ashwin 🇮🇳","ashwinravi99","400373","270","285","24","8928","61","2026-02-22 15:41:49","https://x.com/ashwinravi99/status/2025513854017687662","<a href=""http://twitter.com/download/iphone"" rel=""nofollow"">Twitter for iPhone</a>","#T20WorldCup","","",""
"2025065242888430037","When you stop exploring, you cease to exist.
So here I am, stepping into direction and camerawork as well 😂 @crikipidea 

Appreciation’s are most welcome, criticisms are appreciated🤝🤝☺️ https://t.co/W3QJgHGk1J","en","Tweet","Ashwin 🇮🇳","ashwinravi99","71474","33","22","1","774","29","2026-02-21 09:59:12","https://x.com/ashwinravi99/status/2025065242888430037","<a href=""http://twitter.com/download/iphone"" rel=""nofollow"">Twitter for iPhone</a>","","","video","https://video.twimg.com/amplify_video/2025065113225756673/vid/avc1/1080x1920/4xm7-N3PcEhhK0JJ.mp4?tag=21"
"2024465359315882108","Zimbabwe haven’t put a foot wrong so far in this World Cup!

OG Zimbabwe feels🔥🔥#T20WorldCup","en","Tweet","Ashwin 🇮🇳","ashwinravi99","312284","315","1616","24","32146","97","2026-02-19 18:15:29","https://x.com/ashwinravi99/status/2024465359315882108","<a href=""http://twitter.com/download/iphone"" rel=""nofollow"">Twitter for iPhone</a>","#T20WorldCup","","",""
"2024115343996944465","That’s 3 in row! #T20WorldCup #abhishek 

Cruel game this sometimes. Chin up lad☺️","en","Tweet","Ashwin 🇮🇳","ashwinravi99","317831","399","854","37","21840","117","2026-02-18 19:04:38","https://x.com/ashwinravi99/status/2024115343996944465","<a href=""http://twitter.com/download/iphone"" rel=""nofollow"">Twitter for iPhone</a>","#T20WorldCup, #abhishek","","",""
"2024090820228304899","Dey Jaddu.😂😂😂","cy","Tweet","Ashwin 🇮🇳","ashwinravi99","591313","72","420","8","11832","192","2026-02-18 17:27:11","https://x.com/ashwinravi99/status/2024090820228304899","<a href=""http://twitter.com/download/iphone"" rel=""nofollow"">Twitter for iPhone</a>","","","",""
"2024039163750678566","@ashwinravi99 Yeh ashinfo 3 test match series??🤔","en","Quoted","Ravindrasinh jadeja","imjadeja","829129","80","267","20","6653","124","2026-02-18 14:01:56","https://x.com/imjadeja/status/2024039163750678566","<a href=""http://twitter.com/download/iphone"" rel=""nofollow"">Twitter for iPhone</a>","","","",""
"2023801623907344806","Nepal have shown enough to get some bilaterals with full member teams.

Their players deserve a lot more in terms of exposure and Guidance.

Deep Airee has already shown that he is a quick learner. 👏👏#T20WorldCup","en","Tweet","Ashwin 🇮🇳","ashwinravi99","487734","230","1093","26","19546","123","2026-02-17 22:18:02","https://x.com/ashwinravi99/status/2023801623907344806","<a href=""http://twitter.com/download/iphone"" rel=""nofollow"">Twitter for iPhone</a>","#T20WorldCup","","",""
"2023061584701174232","Gone like a tracer bullet.🎯","en","Tweet","Ashwin 🇮🇳","ashwinravi99","740493","249","2263","39","34725","266","2026-02-15 21:17:23","https://x.com/ashwinravi99/status/2023061584701174232","<a href=""http://twitter.com/download/iphone"" rel=""nofollow"">Twitter for iPhone</a>","","","",""
"2023060859417735254","Babar looks determined. His presence in the middle overs will be crucial for Pakistan.","en","Quoted","Prasanna","prasannalara","776745","160","33","47","744","17","2026-02-15 21:14:30","https://x.com/prasannalara/status/2023060859417735254","<a href=""http://twitter.com/download/iphone"" rel=""nofollow"">Twitter for iPhone</a>","","","",""
"2023058836584821204","It’s vital for Pakistan to have some wickets in hand to counter our spinners. #INDvsPAK #ICCT20WORLDCUP","en","Tweet","Ashwin 🇮🇳","ashwinravi99","323142","209","430","14","14232","47","2026-02-15 21:06:27","https://x.com/ashwinravi99/status/2023058836584821204","<a href=""http://twitter.com/download/iphone"" rel=""nofollow"">Twitter for iPhone</a>","#INDvsPAK, #ICCT20WORLDCUP","","",""
"2023035473258819682","This is carnage and the hit me balls
are coming twice every ball.

The pressure is clearly being felt by pak. #INDvsPAK #ICCT20WORLDCUP","en","Tweet","Ashwin 🇮🇳","ashwinravi99","481670","202","852","13","21757","107","2026-02-15 19:33:37","https://x.com/ashwinravi99/status/2023035473258819682","<a href=""http://twitter.com/download/iphone"" rel=""nofollow"">Twitter for iPhone</a>","#INDvsPAK, #ICCT20WORLDCUP","","",""
"2022971409417605310","Awesome thinking,  but if you don’t start your 20 th over before the stipulated time, you will be entitled to play aggressive cricket with 5 fielders inside the circle for the rest of your fielding innings.🤓🤓","en","Tweet","Ashwin 🇮🇳","ashwinravi99","574065","160","436","23","8548","162","2026-02-15 15:19:03","https://x.com/ashwinravi99/status/2022971409417605310","<a href=""http://twitter.com/download/iphone"" rel=""nofollow"">Twitter for iPhone</a>","","","",""
"2022876556025303059","@wokenupkohli If I were bowling, I would keep doing it. How many times the batter is going to pull out? I would test his patience.","en","Quoted","Wolf Pfizer","Wolf_Pack_IM","605570","6","0","2","75","10","2026-02-15 09:02:08","https://x.com/Wolf_Pack_IM/status/2022876556025303059","<a href=""http://twitter.com/download/android"" rel=""nofollow"">Twitter for Android</a>","","","",""
"2022234050036166691","This is clinical from Zim.

Batting and bowling have been great but Tony Munyonga’s fielding has piled on the pressure.
He has saved at least 12-15 runs and closes the deal with a spectacular catch at deep mid wicket.🔥🔥

When the ground sizes are proper, cricketing skills truly come to the fore giving a chance for all facets of the game.

Really liked how the pitches have been really balanced this T 20 World Cup.👌#T20WorldCup2026","en","Tweet","Ashwin 🇮🇳","ashwinravi99","395272","312","1604","28","25696","161","2026-02-13 14:29:03","https://x.com/ashwinravi99/status/2022234050036166691","<a href=""http://twitter.com/download/iphone"" rel=""nofollow"">Twitter for iPhone</a>","#T20WorldCup2026","","",""
"2022221333674029548","Australia in trouble, Zimbabwe have been so good with the bat and ball so far.

Great planning and superb execution!

Look at how they have read the conditions in Colombo and ensured they attacked the power play and held wickets in hand all through the middle overs. #ICCMensT20WorldCup credits.@ESPNcricinfo","en","Tweet","Ashwin 🇮🇳","ashwinravi99","118833","88","108","4","2936","22","2026-02-13 13:38:31","https://x.com/ashwinravi99/status/2022221333674029548","<a href=""http://twitter.com/download/iphone"" rel=""nofollow"">Twitter for iPhone</a>","#ICCMensT20WorldCup","","photo","https://pbs.twimg.com/media/HBBflGoa8AACH-3.jpg"
"2021439675630748078","Okay, let me make it as clear as possible. Firstly, the legalities of his action can only be tested at an ICC bowling action testing Centre.

Secondly, there is a 15° rule under which a bowler needs to keep his elbow and straighten it  and to judge if a bowler is bowling within that 15° mark by the onfield Umpire is impossible.

The only solution to that is having a real time in competition testing tool.

The above is a grey area and to accuse someone for utilising the grey area is wrong.

Finally, if the pause at the crease is legal or not, and that’s where I believe that it is entirely legal because that is his regular action. #UsmanTariq","en","Tweet","Ashwin 🇮🇳","ashwinravi99","1879008","1465","1472","285","24068","749","2026-02-11 09:52:29","https://x.com/ashwinravi99/status/2021439675630748078","<a href=""http://twitter.com/download/iphone"" rel=""nofollow"">Twitter for iPhone</a>","#UsmanTariq","","photo","https://pbs.twimg.com/media/HA2YqwMasAAd4ds.jpg"
"2021398125785886782","Agree football doesn’t allow it!

While the batter can be allowed to switch hit or reverse without informing the umpire or bowler, after him/her commits to start batting on one side, why are the restrictions only limited to the bowler?

In fact the bowler isn’t allowed to change the arm with which he/she
bowls without informing the umpire!

They should first change that rule.","en","Tweet","Ashwin 🇮🇳","ashwinravi99","2519843","1260","1432","304","16911","799","2026-02-11 07:07:23","https://x.com/ashwinravi99/status/2021398125785886782","<a href=""http://twitter.com/download/iphone"" rel=""nofollow"">Twitter for iPhone</a>","","","",""
"2021260274133569794","Even football doesn’t allow players to pause during a penalty run-up anymore. 
How is this ok? Action - all good. But pause ? That too while loading to deliver. This can’t be continued seriously ! 
#WorldCup2026 https://t.co/gIgsjV7RlX","en","Quoted","Shreevats goswami","shreevats1","1704669","428","313","70","2053","110","2026-02-10 21:59:37","https://x.com/shreevats1/status/2021260274133569794","<a href=""http://twitter.com/download/iphone"" rel=""nofollow"">Twitter for iPhone</a>","#WorldCup2026","","video","https://video.twimg.com/amplify_video/2021260196623093760/vid/avc1/2160x3840/b2kKDJ2FCqf4yeMK.mp4?tag=21"
"2020484696132759933","Incredible from Nepal.@NepalCricket 

They are surely one of best amongst emerging cricketing nations.

Huge potential and upside.👏 #icct20worldcup2026","en","Tweet","Ashwin 🇮🇳","ashwinravi99","310773","259","2423","33","37223","131","2026-02-08 18:37:45","https://x.com/ashwinravi99/status/2020484696132759933","<a href=""http://twitter.com/download/iphone"" rel=""nofollow"">Twitter for iPhone</a>","#icct20worldcup2026","","",""
"2020410914722459743","Rashid Khan hadn’t dismissed Glenn Phillips before today’s encounter in T 20 cricket.

Phillips was taking the game away from the Afghans and Rashid found the perfect moment to change the match up data.👏👏 #icct20worldcup2026 

Match up before today’s dismissal⬇️ https://t.co/ERsCSOkzku","en","Tweet","Ashwin 🇮🇳","ashwinravi99","152242","66","81","4","3624","20","2026-02-08 13:44:34","https://x.com/ashwinravi99/status/2020410914722459743","<a href=""http://twitter.com/download/iphone"" rel=""nofollow"">Twitter for iPhone</a>","#icct20worldcup2026","","photo","https://pbs.twimg.com/media/HAnxA7GaUAA4fwE.jpg
https://pbs.twimg.com/media/HAnxA7SacAILC_v.jpg"
"2020175772615655442","We need to get Sanjay K.

Can go at a low strike rate but look at his penchant for 6 hitting.

The way the ball leaves his bat is👌👌👌#icct20worldcup2026 

Good spot by MI for their MI Emirates side. https://t.co/S4wmWOD48Q","en","Tweet","Ashwin 🇮🇳","ashwinravi99","68173","62","46","8","1028","20","2026-02-07 22:10:11","https://x.com/ashwinravi99/status/2020175772615655442","<a href=""http://twitter.com/download/iphone"" rel=""nofollow"">Twitter for iPhone</a>","#icct20worldcup2026","","photo","https://pbs.twimg.com/media/HAkbAMJacAIU1Hw.jpg"
"2020153835831062547","The recent success and growth of USA cricket should give us some headaches, while we try and defend a smallish total.

The likes of Varun and Axar should make this chase hard for them and I hope we don’t search for Bumrah on the field.#icct20worldcup2026 

USA have done some wonderful things with the bat over the last year or so.⬇️⬇️⬇️","en","Tweet","Ashwin 🇮🇳","ashwinravi99","144402","77","116","5","3072","66","2026-02-07 20:43:01","https://x.com/ashwinravi99/status/2020153835831062547","<a href=""http://twitter.com/download/iphone"" rel=""nofollow"">Twitter for iPhone</a>","#icct20worldcup2026","","photo","https://pbs.twimg.com/media/HAkHNAIacAM1duu.jpg"
"2020150930700710230","This is how big a hole we are in right now.

We have been pushed back by miles in terms of trends and plans for every batter so far on a slightly different Wankhede surface than what we are used to seeing in IPL. #icct20worldcup2026 https://t.co/vLsBznMtX9","en","Tweet","Ashwin 🇮🇳","ashwinravi99","239204","77","95","11","2474","127","2026-02-07 20:31:29","https://x.com/ashwinravi99/status/2020150930700710230","<a href=""http://twitter.com/download/iphone"" rel=""nofollow"">Twitter for iPhone</a>","#icct20worldcup2026","","photo","https://pbs.twimg.com/media/HAkEj4jacAMo0_Q.jpg"
"2020144507518431579","🥹🥹 #icct20worldcup2026","qme","Tweet","Ashwin 🇮🇳","ashwinravi99","188092","266","200","11","7999","48","2026-02-07 20:05:57","https://x.com/ashwinravi99/status/2020144507518431579","<a href=""http://twitter.com/download/iphone"" rel=""nofollow"">Twitter for iPhone</a>","#icct20worldcup2026","","",""
"2019791910748274725","A flawless campaign powered by talent, fearlessness and audacity.

The white ball game keeps on moving rapidly and this batch of under - 19’s have shown us how much more they are willing to push with bat.

Incredible confidence and skill to be able to do what this @BCCI under 19 team did throughout this campaign.

Well done boys👏

Scary to think of what par scores are going to look like in the future.👀👀","en","Tweet","Ashwin 🇮🇳","ashwinravi99","141775","115","816","7","15961","40","2026-02-06 20:44:52","https://x.com/ashwinravi99/status/2019791910748274725","<a href=""http://twitter.com/download/iphone"" rel=""nofollow"">Twitter for iPhone</a>","","","photo","https://pbs.twimg.com/media/HAe9Xp0bQAA9IPU.jpg"
"2019753323512189154","175 (80) in the U19 WC final, 15 fours and 15 sixes with 85.7% of his runs in boundaries. That’s absurd. This is a follow up to his 68(33) in the semis chasing a 300+ target. Vaibhav has owned the big stage like he's born for it. A prodigy with serious big match temperament.

Overall Tournament numbers: Leader run getter with 439 runs at 62.71, SR 169.49. A T20 Strike rate of 170 is elite. 30 sixes overall and 78.35% of his runs in boundaries.

This kid is knocking on the doors of international cricket hard & fast. Post the T20 World Cup, don’t be surprised if that door opens.","en","Tweet","Ashwin 🇮🇳","ashwinravi99","518225","243","1791","34","29613","231","2026-02-06 18:11:32","https://x.com/ashwinravi99/status/2019753323512189154","<a href=""http://twitter.com/download/iphone"" rel=""nofollow"">Twitter for iPhone</a>","","","photo","https://pbs.twimg.com/media/HAea8BkbYAAzQdf.jpg"
"2019614218211950665","T 20 is a sport that is consistently evolving and can leave the best of players behind, if they fail to adapt or recognise the curve they may have to navigate.

We are used to consuming cricket through the volume of runs scored and wickets taken by batters and bowlers respectively, but trends are starting to clearly deviate wrto T 20.

This is from the recently concluded #WPL2026 , the team with the highest collective strike and best economy rate won.

Keep it simple.","en","Tweet","Ashwin 🇮🇳","ashwinravi99","104969","73","235","16","3487","166","2026-02-06 08:58:46","https://x.com/ashwinravi99/status/2019614218211950665","<a href=""http://twitter.com/download/iphone"" rel=""nofollow"">Twitter for iPhone</a>","#WPL2026","","photo","https://pbs.twimg.com/media/HAccbFhacAMx4Rv.jpg"
"2019456604052066396","This is clinical from RCB women.👏👏 #rcbwvsdcw #WPLFinal","en","Tweet","Ashwin 🇮🇳","ashwinravi99","163174","106","1067","8","21870","59","2026-02-05 22:32:28","https://x.com/ashwinravi99/status/2019456604052066396","<a href=""http://twitter.com/download/iphone"" rel=""nofollow"">Twitter for iPhone</a>","#rcbwvsdcw, #WPLFinal","","",""
"2019413335993954400","A tournament that’s been running for almost a 100 years and produced close to 350 Test cricketers cannot be smaller than players🙏

My friends you are referring to will also agree with what i am saying. https://t.co/cmCQVsAWEP","en","Tweet","Ashwin 🇮🇳","ashwinravi99","100576","49","71","6","1190","24","2026-02-05 19:40:32","https://x.com/ashwinravi99/status/2019413335993954400","<a href=""http://twitter.com/download/iphone"" rel=""nofollow"">Twitter for iPhone</a>","","","animated_gif","https://video.twimg.com/tweet_video/HAZlt8zacAcx0eA.mp4"
"2019405689735770162","There are Ranji Trophy Elite games being played and even tomorrow are scheduled.

But there's no hype or attention.

And Ravichandran Ashwin thinks Ranji wasn't blessed when Rohit Sharma n Virat Kohli were playing 😂

Drop the jealousy n accept the facts, bruh. @ashwinravi99","en","Quoted","Maddy","EvilRashford","109387","7","2","2","25","1","2026-02-05 19:10:09","https://x.com/EvilRashford/status/2019405689735770162","<a href=""http://twitter.com/download/android"" rel=""nofollow"">Twitter for Android</a>","","","",""
"2019029491142832297","Volume of runs may be low, but Ayush Mhatre looks in fine touch.
Intent monster, another confident start, and batting like he has been fine form all along.

Quality talent, no doubt. 👌#under19worldcup https://t.co/JfNyLdvn2G","en","Tweet","Ashwin 🇮🇳","ashwinravi99","318169","176","474","22","13097","82","2026-02-04 18:15:17","https://x.com/ashwinravi99/status/2019029491142832297","<a href=""http://twitter.com/download/iphone"" rel=""nofollow"">Twitter for iPhone</a>","#under19worldcup","","photo","https://pbs.twimg.com/media/HAUIgZSboAAZAj2.jpg"
"2018702886893478114","One hell of a knock by the Australian U19 captain Oliver Peake 👏

Calculated, composed, and solid under pressure in a big game.

Big future ahead 🔥 #Under19WorldCup 

Remember the last ball 6 he hit for the @RenegadesBBL against the @ScorchersBBL ? https://t.co/2W9rZ9hndm","en","Tweet","Ashwin 🇮🇳","ashwinravi99","145196","129","260","14","6322","56","2026-02-03 20:37:28","https://x.com/ashwinravi99/status/2018702886893478114","<a href=""http://twitter.com/download/iphone"" rel=""nofollow"">Twitter for iPhone</a>","#Under19WorldCup","","photo","https://pbs.twimg.com/media/HAPfktdbUAAzVMU.jpg"
"2017985632518451417","An India Pakistan clash even in the knock out is ruled out?

Sure? 

We get there it will be a “World T 20 bye” ?","en","Tweet","Ashwin 🇮🇳","ashwinravi99","399147","385","254","23","4714","69","2026-02-01 21:07:21","https://x.com/ashwinravi99/status/2017985632518451417","<a href=""http://twitter.com/download/iphone"" rel=""nofollow"">Twitter for iPhone</a>","","","",""
"2017972805921624470","BREAKING: The government of Pakistan has said that Pakistan will boycott their T20 World Cup match against India https://t.co/ESu4llHICV","en","Quoted","ESPNcricinfo","ESPNcricinfo","1370832","743","639","625","6102","127","2026-02-01 20:16:23","https://x.com/ESPNcricinfo/status/2017972805921624470","<a href=""https://www.sprinklr.com"" rel=""nofollow"">Sprinklr</a>","","","photo","https://pbs.twimg.com/media/HAFHkVNbYAELqNM.jpg"
"2017841607404621871","🥹 https://t.co/ccqk5kEpMZ","qme","Tweet","Ashwin 🇮🇳","ashwinravi99","84630","62","69","1","1982","14","2026-02-01 11:35:03","https://x.com/ashwinravi99/status/2017841607404621871","<a href=""http://twitter.com/download/iphone"" rel=""nofollow"">Twitter for iPhone</a>","","","animated_gif","https://video.twimg.com/tweet_video/HADQPefbEAI4Noc.mp4"
"2017634265450877050","@ashwinravi99 here comes the  ashwin bro the ""king of mankad""","en","Quoted","Ali","marketsgeek","97040","4","0","1","18","0","2026-01-31 21:51:09","https://x.com/marketsgeek/status/2017634265450877050","<a href=""https://mobile.twitter.com"" rel=""nofollow"">Twitter Web App</a>","","","",""
"2017625889773916419","https://t.co/r2i3WAm9e2","zxx","Tweet","Ashwin 🇮🇳","ashwinravi99","386665","177","593","21","8533","115","2026-01-31 21:17:52","https://x.com/ashwinravi99/status/2017625889773916419","<a href=""http://twitter.com/download/iphone"" rel=""nofollow"">Twitter for iPhone</a>","","","animated_gif","https://video.twimg.com/tweet_video/HAAMCkaa0AA-QB7.mp4"
"2017620669253681580","@ashwinravi99 What about Pakistan saim ayub single handedly destroy India 🔥🇵🇰","en","Quoted","Abdullah khann","isthatabdullah7","319095","120","5","33","63","13","2026-01-31 20:57:07","https://x.com/isthatabdullah7/status/2017620669253681580","<a href=""http://twitter.com/download/iphone"" rel=""nofollow"">Twitter for iPhone</a>","","","",""
"2017620211026038954","India’s batting firepower is scary and it’s scarier to think that Jaiswal, Vaibhav, Gill &amp; Ruturaj aren’t even in the squad. https://t.co/BlCeaAzuCu","en","Tweet","Ashwin 🇮🇳","ashwinravi99","294830","400","679","94","16498","163","2026-01-31 20:55:18","https://x.com/ashwinravi99/status/2017620211026038954","<a href=""http://twitter.com/download/iphone"" rel=""nofollow"">Twitter for iPhone</a>","","","photo","https://pbs.twimg.com/media/HAAG4tPbEAc7YxT.jpg"
"2017617166007472396","That’s not just an innings fro Ishan, it’s a statement. 

My god🔥🔥 #INDvsNZ","en","Tweet","Ashwin 🇮🇳","ashwinravi99","216047","165","817","6","20679","62","2026-01-31 20:43:12","https://x.com/ashwinravi99/status/2017617166007472396","<a href=""http://twitter.com/download/iphone"" rel=""nofollow"">Twitter for iPhone</a>","#INDvsNZ","","",""
"2017595396810543575","Handling pressure is a hugely underrated attribute.","en","Tweet","Ashwin 🇮🇳","ashwinravi99","314124","273","121","55","3955","52","2026-01-31 19:16:42","https://x.com/ashwinravi99/status/2017595396810543575","<a href=""http://twitter.com/download/iphone"" rel=""nofollow"">Twitter for iPhone</a>","","","",""
"2017591278649913727","This is the ground where Sanju struck it clean earlier this year in the KPL.

Will it bring him back to smashing form?","en","Quoted","Ashwin 🇮🇳","ashwinravi99","376986","99","23","13","463","14","2026-01-31 19:00:20","https://x.com/ashwinravi99/status/2017591278649913727","<a href=""http://twitter.com/download/iphone"" rel=""nofollow"">Twitter for iPhone</a>","","","",""
"2016743409143390287","Just spoke to Virat about “Rajiv1841’s” concern on the indirect attack and we both had a good laugh about how social media works on such click baity fan wars.

Thanks for giving us a reason to bond and talk.☺️☺️","en","Tweet","Ashwin 🇮🇳","ashwinravi99","1203275","531","1000","153","17503","735","2026-01-29 10:51:12","https://x.com/ashwinravi99/status/2016743409143390287","<a href=""http://twitter.com/download/iphone"" rel=""nofollow"">Twitter for iPhone</a>","","","",""
"2015805847717515473","🚨🚨 Ravi Ashwin again indirectly attacks Virat Kohli & hypes Rohit Sharma in T2OIs. He said:

""sure, we won T2OI WC Final in 2024 WC but we were easily losing that game, we won due to Bumrah's brilliance & Suryakumar Yadav's catch otherwise South Africa were winning. We used to play conservative cricket not because we wanted it but because we didn't evolved ourselves. 

But Rohit Sharma after 2022 Adelaide Semi Final, he changed the game & he even tried changing the game before 2022 WC & even many people criticised Rohit"".

My comment - I cannot believe how can you belittle Virat Kohli's knock in 2024 WC Final who won the man of the match. He said we won because of Bumrah & Sky's catch, he didn't tell us what Sky did with bat in Final. He said, we were losing the game but Bumrah made us force a comeback but he didn't tell that India were 34/3 & it was Virat Kohli who took the score to 176 runs, if not for Virat, we wouldn't even have a score to fight, leave winning. Remember in 2021 WC match vs NZ, we lost Virat Kohli early & India couldn't even score 120 runs.

BTW, Rohit Sharma picked Ravi Ashwin for T2OI WC 2022 when he was nowhere close to T2OI side, got picked into 2023 ODI WC squad when he was nowhere close to India's ODI setup, they are good friends & Virat Kohli is somebody who made him sit on England test tour for 2021 & dropped him from India's white ball setup in 2017, can see he holds grudges. He is now totally running one sided narrative & only appreciates Virat the day Virat scores 100 coz then you have to appreciate him else you will get called out.

Credit - Ash ki Baat, Time Stamp - 1:58","en","Quoted","Rajiv","Rajiv1841","1121988","144","76","24","1102","159","2026-01-26 20:45:40","https://x.com/Rajiv1841/status/2015805847717515473","<a href=""https://mobile.twitter.com"" rel=""nofollow"">Twitter Web App</a>","","","photo","https://pbs.twimg.com/media/G_mUf4WbcAEQnQp.jpg"
"2016515902607679563","Once more! https://t.co/KbCBIjHtjo","en","Tweet","Ashwin 🇮🇳","ashwinravi99","401148","78","70","4","3563","74","2026-01-28 19:47:10","https://x.com/ashwinravi99/status/2016515902607679563","<a href=""http://twitter.com/download/iphone"" rel=""nofollow"">Twitter for iPhone</a>","","","photo","https://pbs.twimg.com/media/G_wahSXWEAErp9y.jpg
https://pbs.twimg.com/media/G_wahRyaQAEq2oU.jpg"
"2015422393288888408","There is conversation around the dismissal of Rachin.

Was he unlucky finding the only fielder on the leg side?

Answer is No.

This delivery ( in pic ) was the one he got in the same over before he got out and there was another ball that Harshit hit him on the pads in the first over.

This will be the line of attack to Rachin until he finds answers for it.

He wants to stay leg side of the ball and use his solid bat swing, but that means he is finding it hard to move into the line of the ball and find empty spaces on the leg side. #INDvNZ","en","Quoted","Ashwin 🇮🇳","ashwinravi99","717779","75","74","6","3510","106","2026-01-25 19:21:57","https://x.com/ashwinravi99/status/2015422393288888408","<a href=""http://twitter.com/download/iphone"" rel=""nofollow"">Twitter for iPhone</a>","#INDvNZ","","photo","https://pbs.twimg.com/media/G_g3-2ObsAAHgJt.jpg"
"2015477728523477164","Well done @SunrisersEC 👏👏 https://t.co/t4dLgE87GT","en","Tweet","Ashwin 🇮🇳","ashwinravi99","91451","73","139","4","3663","18","2026-01-25 23:01:50","https://x.com/ashwinravi99/status/2015477728523477164","<a href=""http://twitter.com/download/iphone"" rel=""nofollow"">Twitter for iPhone</a>","","","video","https://video.twimg.com/amplify_video/2015477711192682496/vid/avc1/624x624/gJe7kHRzPgkkFuQy.mp4?tag=21"
"2015416129502769391","No 3 for @SunrisersEC or a first for @PretoriaCapsSA ? https://t.co/XsH5IVef0w","en","Quoted","Ashwin 🇮🇳","ashwinravi99","145680","96","33","5","2102","10","2026-01-25 18:57:04","https://x.com/ashwinravi99/status/2015416129502769391","<a href=""http://twitter.com/download/iphone"" rel=""nofollow"">Twitter for iPhone</a>","","","photo","https://pbs.twimg.com/media/G_gySRmaUAAKv2n.jpg"
"2015445978997022995","If teams don’t prepare differently against this Indian batting line up, its good night 😴 #INDvsNZ","en","Tweet","Ashwin 🇮🇳","ashwinravi99","475699","293","1148","33","26112","158","2026-01-25 20:55:41","https://x.com/ashwinravi99/status/2015445978997022995","<a href=""http://twitter.com/download/iphone"" rel=""nofollow"">Twitter for iPhone</a>","#INDvsNZ","","",""
"2015444921285849167","Wowww Ishan Kishan🔥🔥🔥 #INDvsNZ","en","Tweet","Ashwin 🇮🇳","ashwinravi99","129311","65","373","5","10320","21","2026-01-25 20:51:29","https://x.com/ashwinravi99/status/2015444921285849167","<a href=""http://twitter.com/download/iphone"" rel=""nofollow"">Twitter for iPhone</a>","#INDvsNZ","","",""
"2015444460835131551","Sanjuu 💔 #INDvsNZ","in","Tweet","Ashwin 🇮🇳","ashwinravi99","505681","531","284","135","9571","78","2026-01-25 20:49:39","https://x.com/ashwinravi99/status/2015444460835131551","<a href=""http://twitter.com/download/iphone"" rel=""nofollow"">Twitter for iPhone</a>","#INDvsNZ","","",""
"2015441149700550987","A hundred on the big day for Brevis.

He has emerged as a player like no other after a few years of ups and downs.🔥🔥 #SA20 https://t.co/iswz7upewy","en","Tweet","Ashwin 🇮🇳","ashwinravi99","132531","108","489","12","11550","43","2026-01-25 20:36:29","https://x.com/ashwinravi99/status/2015441149700550987","<a href=""http://twitter.com/download/iphone"" rel=""nofollow"">Twitter for iPhone</a>","#SA20","","photo","https://pbs.twimg.com/media/G_hJCj7bwAESuPJ.jpg"
"2015437089085776096","https://t.co/cVJYEWKE5w","zxx","Tweet","Ashwin 🇮🇳","ashwinravi99","78815","30","37","0","1025","16","2026-01-25 20:20:21","https://x.com/ashwinravi99/status/2015437089085776096","<a href=""http://twitter.com/download/iphone"" rel=""nofollow"">Twitter for iPhone</a>","","","animated_gif","https://video.twimg.com/tweet_video/G_hFWIda8AEwx5_.mp4"
"2015430372860043377","@ashwinravi99 Don’t Jinx it bro. You have one task to stay silent for 5 more overs 😂","en","Quoted","Mukesh","MukeshPavith","83209","1","0","1","22","1","2026-01-25 19:53:40","https://x.com/MukeshPavith/status/2015430372860043377","<a href=""http://twitter.com/download/iphone"" rel=""nofollow"">Twitter for iPhone</a>","","","",""
"2015429123179778195","Brevis — Beast mode🔛#SA20","en","Tweet","Ashwin 🇮🇳","ashwinravi99","86527","83","141","5","5300","13","2026-01-25 19:48:42","https://x.com/ashwinravi99/status/2015429123179778195","<a href=""http://twitter.com/download/iphone"" rel=""nofollow"">Twitter for iPhone</a>","#SA20","","",""
"2015407018836963602","Perth Scorchers are 🔥🔥","cy","Tweet","Ashwin 🇮🇳","ashwinravi99","86939","60","76","2","3571","24","2026-01-25 18:20:52","https://x.com/ashwinravi99/status/2015407018836963602","<a href=""http://twitter.com/download/iphone"" rel=""nofollow"">Twitter for iPhone</a>","","","",""
"2015389393159078296","SIX OF THE BEST IN THE WEST 🧡

#BBL15 https://t.co/GAmXVaylVs","en","Quoted","KFC Big Bash League","BBL","142518","36","109","28","1447","41","2026-01-25 17:10:50","https://x.com/BBL/status/2015389393159078296","<a href=""http://wsc-sports.com"" rel=""nofollow"">WSC Sports</a>","#BBL15","","video","https://video.twimg.com/amplify_video/2015389365837398016/vid/avc1/1280x720/LuzyQsMQ8c0CpWW0.mp4?tag=16"
"2015327804418928743","This KM Nafay is a player to keep an eye on this World Cup. #T20WorldCup2026","en","Tweet","Ashwin 🇮🇳","ashwinravi99","762584","572","326","83","7436","169","2026-01-25 13:06:06","https://x.com/ashwinravi99/status/2015327804418928743","<a href=""http://twitter.com/download/iphone"" rel=""nofollow"">Twitter for iPhone</a>","#T20WorldCup2026","","",""
"2015321525688426620","Pakistan’s T20 World Cup squad. 

- Haris Rauf dropped. https://t.co/cPwsuWPPPL","en","Quoted","Mufaddal Vohra","mufaddal_vohra","958599","719","216","190","4968","119","2026-01-25 12:41:09","https://x.com/mufaddal_vohra/status/2015321525688426620","<a href=""http://twitter.com/download/iphone"" rel=""nofollow"">Twitter for iPhone</a>","","","photo","https://pbs.twimg.com/media/G_fcPlHa8AAeKfO.jpg"
"2014585070489894979","https://t.co/Oda52TdQjI","zxx","Tweet","Ashwin 🇮🇳","ashwinravi99","168226","108","106","15","3181","78","2026-01-23 11:54:44","https://x.com/ashwinravi99/status/2014585070489894979","<a href=""http://twitter.com/download/iphone"" rel=""nofollow"">Twitter for iPhone</a>","","","photo","https://pbs.twimg.com/media/G_U-cIIaAAAd0_3.jpg"
"2014550663665991931","@ashwinravi99 Ashwin rooting for Super Kings franchise teams 

Super Kings fans smashing him on SM for don’t know what 

Repeat 🔁 

This cycle has been the highlight of cricket twitter in the last 8 months.","en","Quoted","Keshav","bornreddevil","181865","3","6","1","193","6","2026-01-23 09:38:01","https://x.com/bornreddevil/status/2014550663665991931","<a href=""http://twitter.com/download/iphone"" rel=""nofollow"">Twitter for iPhone</a>","","","",""
"2014548577947922554","I know it can be tough to digest losses, but efforts put in by staff behind closed doors and practices will almost always go unnoticed.

To be top of the table and lose players like Faf and Don who are high value players can’t be easy.

Unfortunate but it’s time to point out that Pettaikaaran & co have reached the play offs of all the 4 seasons so far.

Paarl are looking strong and i hope my other favourite team goes the distance.

David Miller is a big miss but they do have players who can step it up.

Best wishes @paarlroyals 🤝🤝","en","Tweet","Ashwin 🇮🇳","ashwinravi99","232782","90","85","20","3901","35","2026-01-23 09:29:44","https://x.com/ashwinravi99/status/2014548577947922554","<a href=""http://twitter.com/download/iphone"" rel=""nofollow"">Twitter for iPhone</a>","","","photo","https://pbs.twimg.com/media/G_UdQAXacAAA84_.jpg
https://pbs.twimg.com/media/G_UdQAhbAAE6_lA.jpg"
"2014400898244759585","👀👀👀 https://t.co/3b25cNvF4H","qme","Tweet","Ashwin 🇮🇳","ashwinravi99","135603","74","72","5","3624","33","2026-01-22 23:42:54","https://x.com/ashwinravi99/status/2014400898244759585","<a href=""http://twitter.com/download/iphone"" rel=""nofollow"">Twitter for iPhone</a>","","","photo","https://pbs.twimg.com/media/G_SW7_PWAAABcJV.jpg
https://pbs.twimg.com/media/G_SW7-dbAAYWJV8.jpg"
"2014373286252278026","Led Southern Brave to their inaugural title in 2021.

Captained Hampshire to their first domestic T20 title in 2022.

Led the Gulf Giants to a championship in the inaugural season. 

Name is Vince “James vince”

The super kings franchise are searching for their first title away from home. 

Can the Pettaikaaran/Vince combo lead us to the first title? 

Vinceaakaaran🔥🔥#BetwaySA20","en","Tweet","Ashwin 🇮🇳","ashwinravi99","140479","95","79","13","2692","54","2026-01-22 21:53:11","https://x.com/ashwinravi99/status/2014373286252278026","<a href=""http://twitter.com/download/iphone"" rel=""nofollow"">Twitter for iPhone</a>","#BetwaySA20","","photo","https://pbs.twimg.com/media/G_R90wYaIAA4TFg.jpg"
"2014276167386415155","He once said “ When I write my autobiography, it will create tremors”

For now he is creating tremors in South Africa with his @PretoriaCapsSA team.

His leadership as always been inspirational and this one as a coach is no different.👏👏

Taking Indian coaching to the world 🔥@SGanguly99","en","Tweet","Ashwin 🇮🇳","ashwinravi99","852537","301","1190","92","21557","481","2026-01-22 15:27:16","https://x.com/ashwinravi99/status/2014276167386415155","<a href=""http://twitter.com/download/iphone"" rel=""nofollow"">Twitter for iPhone</a>","","","photo","https://pbs.twimg.com/media/G_QlfySWYAE7N80.jpg"
"2014025445352595759","3-0-28-2. There’s our 5th/6th bowler for the season. If Shivam can give us 2 overs every game, it’ll solve a lot of headaches! #IPL #CSK https://t.co/mlyI32xs6U","en","Tweet","Ashwin 🇮🇳","ashwinravi99","323286","282","471","59","15273","118","2026-01-21 22:50:59","https://x.com/ashwinravi99/status/2014025445352595759","<a href=""http://twitter.com/download/iphone"" rel=""nofollow"">Twitter for iPhone</a>","#IPL, #CSK","","photo","https://pbs.twimg.com/media/G_NBdygaIAERXM2.jpg"
"2013420407467188374","https://t.co/AUI2RBM9Lt","zxx","Tweet","Ashwin 🇮🇳","ashwinravi99","68618","29","101","5","2641","17","2026-01-20 06:46:47","https://x.com/ashwinravi99/status/2013420407467188374","<a href=""http://twitter.com/download/iphone"" rel=""nofollow"">Twitter for iPhone</a>","","","animated_gif","https://video.twimg.com/tweet_video/G_EbLwqXEAE4ZIy.mp4"
"2013273463134605332","Do or die for us today at Paarl. Reminds me of 2010, when we were down and out and needed a win in the final league game just to qualify. 4 wins on the bounce later, we lifted our first title. Happy memories.

Hoping for a repeat this time under the watchful eyes of Pettaikaaran. #JSK #SA20","en","Quoted","Ashwin 🇮🇳","ashwinravi99","246660","100","173","32","4604","73","2026-01-19 21:02:53","https://x.com/ashwinravi99/status/2013273463134605332","<a href=""http://twitter.com/download/iphone"" rel=""nofollow"">Twitter for iPhone</a>","#JSK, #SA20","","photo","https://pbs.twimg.com/media/G_CVic7XsAArh5P.jpg"
"2012909051378835904","This Jayden Lennox is such a clever operator.

His intellect will be applauded by most, but his control over speed and length is exceptional.👏👏#INDvsNZ https://t.co/iAbMzdTmiU","en","Tweet","Ashwin 🇮🇳","ashwinravi99","177161","133","241","17","8277","60","2026-01-18 20:54:50","https://x.com/ashwinravi99/status/2012909051378835904","<a href=""http://twitter.com/download/iphone"" rel=""nofollow"">Twitter for iPhone</a>","#INDvsNZ","","photo","https://pbs.twimg.com/media/G-9KHD4W0AEaTVV.jpg"
"2012877825758654860","Sunny bhai is talking about how Shubman’s bat was really close to the pad in England where he made all his runs.

I am going to try and illustrate the challenge for a modern day batter, the changes which happen automatically most of the times when you shift in & out of red ball cricket.

Pic 1 : His natural receiving position where the bat comes from gully,  he is naturally picking up the bat to hit the delivery as he has been trained to do this over years of practice.","en","Tweet","Ashwin 🇮🇳","ashwinravi99","582344","160","230","36","5586","522","2026-01-18 18:50:45","https://x.com/ashwinravi99/status/2012877825758654860","<a href=""http://twitter.com/download/iphone"" rel=""nofollow"">Twitter for iPhone</a>","","","photo","https://pbs.twimg.com/media/G-8ttakXQAAX1Rz.jpg"
"2012854115412385932","If NZ get 325 - 335!

Is that a par score on this surface and ground?","en","Tweet","Ashwin 🇮🇳","ashwinravi99","88011","122","25","5","474","5","2026-01-18 17:16:32","https://x.com/ashwinravi99/status/2012854115412385932","<a href=""http://twitter.com/download/iphone"" rel=""nofollow"">Twitter for iPhone</a>","","","",""
"2012800764914049529","They had to restrict JSK under 114 for the bonus point.

Forrester denied them the opportunity.

Paarl will now be a do or die game.#BetwaySA20","en","Tweet","Ashwin 🇮🇳","ashwinravi99","86247","26","21","0","918","9","2026-01-18 13:44:33","https://x.com/ashwinravi99/status/2012800764914049529","<a href=""http://twitter.com/download/iphone"" rel=""nofollow"">Twitter for iPhone</a>","#BetwaySA20","","",""
"2012799996715045307","@ashwinravi99 Anna what about that bonus point, I'm still searching for that 🙂 https://t.co/9zRMgsY4cJ","en","Quoted","Jayprakash MSDian™","ms_dhoni_077","92620","1","1","1","24","0","2026-01-18 13:41:29","https://x.com/ms_dhoni_077/status/2012799996715045307","<a href=""http://twitter.com/download/android"" rel=""nofollow"">Twitter for Android</a>","","","photo","https://pbs.twimg.com/media/G-7m7InWcAE8MiY.jpg"
"2012799490059882861","317 runs, averaging nearly 80 and a strike rate of 166 batting in the middle order, Sherfane Rutherford has not only put Pretoria Capitals in the finals of the #BetwaySA20, he is also causing Mumbai Indians some happy headaches.

Sherfane Rutherford before the trade scored 189 runs in the CPL at an average of 23 and sr of 135.

He may or may not have a good IPL, I believe it’s solid foresight to acquire him from GT.👏👏","en","Tweet","Ashwin 🇮🇳","ashwinravi99","231645","59","106","10","3735","41","2026-01-18 13:39:29","https://x.com/ashwinravi99/status/2012799490059882861","<a href=""http://twitter.com/download/iphone"" rel=""nofollow"">Twitter for iPhone</a>","#BetwaySA20","","photo","https://pbs.twimg.com/media/G-7mVzDW8AA_Khd.jpg"
"2012761690321105352","Absolutely! Quality innings under pressure on a tough pitch.","en","Tweet","Ashwin 🇮🇳","ashwinravi99","198381","49","145","3","5432","37","2026-01-18 11:09:16","https://x.com/ashwinravi99/status/2012761690321105352","<a href=""http://twitter.com/download/iphone"" rel=""nofollow"">Twitter for iPhone</a>","","","",""
"2012569318421111082","In Dewalt Brevis’s brief career, I haven’t seen a better innings from him","en","Quoted","Kevin Pietersen🦏","KP24","359035","57","76","16","3038","34","2026-01-17 22:24:51","https://x.com/KP24/status/2012569318421111082","<a href=""http://twitter.com/download/iphone"" rel=""nofollow"">Twitter for iPhone</a>","","","",""
"2012603194770071899","https://t.co/j5fZ3mdym7","zxx","Tweet","Ashwin 🇮🇳","ashwinravi99","70507","41","25","6","1241","12","2026-01-18 00:39:28","https://x.com/ashwinravi99/status/2012603194770071899","<a href=""http://twitter.com/download/iphone"" rel=""nofollow"">Twitter for iPhone</a>","","","animated_gif","https://video.twimg.com/tweet_video/G-4z7q8W8AAp_7_.mp4"
"2012599914409402408","https://t.co/BzTyi1qlnh","zxx","Quoted","Junaid Khan","JunaidKhanation","86877","3","14","1","289","24","2026-01-18 00:26:26","https://x.com/JunaidKhanation/status/2012599914409402408","<a href=""http://twitter.com/download/iphone"" rel=""nofollow"">Twitter for iPhone</a>","","","video","https://video.twimg.com/amplify_video/2012599897266982912/vid/avc1/494x360/px9-a2XpA9VA93Xp.mp4?tag=21"
"2012559550621388826","Bonus point loading thambi🔥🔥","en","Tweet","Ashwin 🇮🇳","ashwinravi99","201857","87","44","70","2346","33","2026-01-17 21:46:03","https://x.com/ashwinravi99/status/2012559550621388826","<a href=""http://twitter.com/download/iphone"" rel=""nofollow"">Twitter for iPhone</a>","","","",""
"2012546455094128843","https://t.co/mK2gyhfkTl","zxx","Quoted","Prakash","definitelynot05","181178","1","2","1","118","7","2026-01-17 20:54:00","https://x.com/definitelynot05/status/2012546455094128843","<a href=""http://twitter.com/download/iphone"" rel=""nofollow"">Twitter for iPhone</a>","","","photo","https://pbs.twimg.com/media/G-4AP8fXAAAGUOW.jpg"
"2012545376725688827","It’s really heating up at the #BetwaySA20, big clash between the Capitals and the Super kings.

Great chance for us to seal the play off spot and try to climb up further in the next game. 

The Pettaikaaran takes on Dada. 🔥 https://t.co/Y2AChFUp3O","en","Tweet","Ashwin 🇮🇳","ashwinravi99","118026","49","112","11","4164","23","2026-01-17 20:49:43","https://x.com/ashwinravi99/status/2012545376725688827","<a href=""http://twitter.com/download/iphone"" rel=""nofollow"">Twitter for iPhone</a>","#BetwaySA20","","photo","https://pbs.twimg.com/media/G-3_WXTWIAAfZPy.jpg"
"2011819420205879477","Deal🤝 https://t.co/uxYs4hpOLZ","en","Tweet","Ashwin 🇮🇳","ashwinravi99","93167","29","63","2","1921","15","2026-01-15 20:45:02","https://x.com/ashwinravi99/status/2011819420205879477","<a href=""http://twitter.com/download/iphone"" rel=""nofollow"">Twitter for iPhone</a>","","","animated_gif","https://video.twimg.com/tweet_video/G-trGHIbQAAyUyd.mp4"
"2011816321978396681","@ashwinravi99 It's the time when ravi ashwin got the call to be in the team and played 3 WC 🙏","en","Quoted","Rishabh 18","rishabh18v","101212","1","1","1","99","2","2026-01-15 20:32:43","https://x.com/rishabh18v/status/2011816321978396681","<a href=""http://twitter.com/download/android"" rel=""nofollow"">Twitter for Android</a>","","","",""
"2011736070833254654","Unfortunate blow for Washington Sundar. Bad luck.

Going to be an interesting debate on who the back is going to be? 

Ideal to look at a player who will lend balance and depth to the squad. #T20WorldCup","en","Tweet","Ashwin 🇮🇳","ashwinravi99","275998","220","120","25","4094","48","2026-01-15 15:13:50","https://x.com/ashwinravi99/status/2011736070833254654","<a href=""http://twitter.com/download/iphone"" rel=""nofollow"">Twitter for iPhone</a>","#T20WorldCup","","",""
"2011700665756893527","It’s my guess that he will get in for the back half of the tournament and play a role in the play offs. #BetwaySA20","en","Tweet","Ashwin 🇮🇳","ashwinravi99","73902","35","45","2","1567","15","2026-01-15 12:53:08","https://x.com/ashwinravi99/status/2011700665756893527","<a href=""http://twitter.com/download/iphone"" rel=""nofollow"">Twitter for iPhone</a>","#BetwaySA20","","",""
"2011535115781100002","Why They Didn’t Get Him Back in XI ?? https://t.co/5GDy8oN8bX","en","Quoted","Junaid Khan","JunaidKhanation","91637","6","16","2","649","6","2026-01-15 01:55:18","https://x.com/JunaidKhanation/status/2011535115781100002","<a href=""http://twitter.com/download/iphone"" rel=""nofollow"">Twitter for iPhone</a>","","","photo","https://pbs.twimg.com/media/G-pohe-bgAAbp8C.jpg"
"2011473321205043616","This 46 year old youngster is still revving it in.@ImranTahirSA 👏👏

The competitiveness is so infectious and JSK are looking poised to go top of the table. #BetwaySA20 https://t.co/x1r1BP27sK","en","Tweet","Ashwin 🇮🇳","ashwinravi99","105235","43","172","6","6088","45","2026-01-14 21:49:45","https://x.com/ashwinravi99/status/2011473321205043616","<a href=""http://twitter.com/download/iphone"" rel=""nofollow"">Twitter for iPhone</a>","#BetwaySA20","","photo","https://pbs.twimg.com/media/G-owNkdboAAqrV1.jpg"
"2011466807178301485","New Zealand trumping India on a slowish surface with a bowling attack thats lead by Michael Bracewell (41) ODI is a serious achievement.

Would be an interesting stat to see the sweep and reverse sweep % between both the teams.🧐 #INDvNZ","en","Tweet","Ashwin 🇮🇳","ashwinravi99","224739","129","164","16","5086","42","2026-01-14 21:23:52","https://x.com/ashwinravi99/status/2011466807178301485","<a href=""http://twitter.com/download/iphone"" rel=""nofollow"">Twitter for iPhone</a>","#INDvNZ","","",""
"2011437965546008689","Daryl Mitchell is easily one of the most cerebral cricketers going around, maximises his potential using his wonderful game awareness.

Case in point : One of the rare batters that is prepared to step down the wicket to spinners like Varun, Kuldeep etc.

Steps out hits Kuldeep for a 6.

Sequences it expecting Kuldeep to bowl the next one a touch quicker and paddles it round the corner for a 4.

When explained it seems simple, but pushing that short square leg back to short fine for a spinner is an underrated aspect of the game. 🤝 #INDvNZ","en","Tweet","Ashwin 🇮🇳","ashwinravi99","405859","169","487","14","13877","196","2026-01-14 19:29:16","https://x.com/ashwinravi99/status/2011437965546008689","<a href=""http://twitter.com/download/iphone"" rel=""nofollow"">Twitter for iPhone</a>","#INDvNZ","","photo","https://pbs.twimg.com/media/G-oQKlWbYAE1cj1.jpg
https://pbs.twimg.com/media/G-oQKlZaEAER6I5.jpg"
"2011028303537451219","Really enjoyed #SA20 this year, barring the washouts.

Pretoria capitals & Paarl Royals have put on a show, JSK & SEC should have run away with it for the start they had and MICT & DSG find themselves where no one expected them to be.

Quality of cricket has been top notch, spectators have thronged the stadiums and the number of cricketers this tournament is throwing up for SA cricket is the best part.👌","en","Tweet","Ashwin 🇮🇳","ashwinravi99","140484","60","93","2","2773","33","2026-01-13 16:21:25","https://x.com/ashwinravi99/status/2011028303537451219","<a href=""http://twitter.com/download/iphone"" rel=""nofollow"">Twitter for iPhone</a>","#SA20","","photo","https://pbs.twimg.com/media/G-iblKtawAA5VPk.jpg"
"2010600328698458143","CSK’s number 5/6 in action.

UP were in a tricky situation and the composure Prashant Veer has shown so far augurs well.#VijayHazareTrophy https://t.co/OSiSootA78","en","Tweet","Ashwin 🇮🇳","ashwinravi99","171212","45","151","6","5101","75","2026-01-12 12:00:48","https://x.com/ashwinravi99/status/2010600328698458143","<a href=""http://twitter.com/download/iphone"" rel=""nofollow"">Twitter for iPhone</a>","#VijayHazareTrophy","","photo","https://pbs.twimg.com/media/G-cWVuraEAEZD9A.jpg"
"2010371755391741975","From looking like a canter, this is now a seriously good old fashioned ODI game.

NZ always manage to maximise their resources to compete hard and make up for what they lack.👏👏 #INDvNZ","en","Tweet","Ashwin 🇮🇳","ashwinravi99","114388","69","182","3","7137","29","2026-01-11 20:52:32","https://x.com/ashwinravi99/status/2010371755391741975","<a href=""http://twitter.com/download/iphone"" rel=""nofollow"">Twitter for iPhone</a>","#INDvNZ","","",""
"2010340266457362752","Virat’s batting right now is a joy to watch. The freedom, the ease, and the happiness he is playing with shows just how much he is enjoying the game.#INDvNZ","en","Tweet","Ashwin 🇮🇳","ashwinravi99","229104","189","1951","25","27694","204","2026-01-11 18:47:24","https://x.com/ashwinravi99/status/2010340266457362752","<a href=""http://twitter.com/download/iphone"" rel=""nofollow"">Twitter for iPhone</a>","#INDvNZ","","",""
"2010302626911715358","😂😂😂🤣🤣🤣","art","Tweet","Ashwin 🇮🇳","ashwinravi99","43951","36","14","3","481","6","2026-01-11 16:17:50","https://x.com/ashwinravi99/status/2010302626911715358","<a href=""http://twitter.com/download/iphone"" rel=""nofollow"">Twitter for iPhone</a>","","","",""
"2010302184668410020","He doesnt have to make a big score, Mitch Hay looks high quality.( hope I don’t jinx 😂😂 )

The ball is racing of his bat and seems to be getting into very positions. #INDvNZ","en","Quoted","Ashwin 🇮🇳","ashwinravi99","124882","75","64","5","2047","17","2026-01-11 16:16:05","https://x.com/ashwinravi99/status/2010302184668410020","<a href=""http://twitter.com/download/iphone"" rel=""nofollow"">Twitter for iPhone</a>","#INDvNZ","","",""
"2010290679113777540","Resting someone shouldn’t be after he gets in the squad.😂😂

Resting means he gets rested like Bumrah.

The lack of continuity can impact rythm and hence performance.🤝","en","Tweet","Ashwin 🇮🇳","ashwinravi99","97454","50","71","4","1342","13","2026-01-11 15:30:21","https://x.com/ashwinravi99/status/2010290679113777540","<a href=""http://twitter.com/download/iphone"" rel=""nofollow"">Twitter for iPhone</a>","","","",""
"2010273814140387357","Can't u get. He's in the T20WC Squad 🙃","en","Quoted","𝐈𝐌𝐑∆𝐍⁴⁵","Imrxn_45","117615","0","0","1","31","2","2026-01-11 14:23:21","https://x.com/Imrxn_45/status/2010273814140387357","<a href=""http://twitter.com/download/android"" rel=""nofollow"">Twitter for Android</a>","","","",""
"2010265895642509643","Where-is-deep Singh? That’s all #INDvsNZ","en","Tweet","Ashwin 🇮🇳","ashwinravi99","281732","284","278","28","6216","43","2026-01-11 13:51:53","https://x.com/ashwinravi99/status/2010265895642509643","<a href=""http://twitter.com/download/iphone"" rel=""nofollow"">Twitter for iPhone</a>","#INDvsNZ","","",""
"2010221479305376129","TN come back Loading🧐🧐","en","Tweet","Ashwin 🇮🇳","ashwinravi99","55051","21","18","0","432","4","2026-01-11 10:55:23","https://x.com/ashwinravi99/status/2010221479305376129","<a href=""http://twitter.com/download/iphone"" rel=""nofollow"">Twitter for iPhone</a>","","","",""
"2009618629571248424","Baba Aparajith golden form with the Bat and ball in this domestic season.

⚪ #VijayHazareTrophy2025
Runs ➡️ 409
Avg ➡️ 81.8
SR ➡️ 95
💯s ➡️ 1
50s ➡️ 3 
Wickets ➡️ 12
Bowling Avg ➡️ 25.2
5-fer ➡️ 1 
Eco ➡️ 4.9

🔴 #RanjiTrophy 2025/26 :
Matches ➡️ 5
Runs ➡️ 436
Avg ➡️ 72.7
💯s ➡️ 1
50s ➡️ 4 

@aparajithbaba @KCAcricket","en","Quoted","JaayShaan (VaidhyaJayaShankar)","JaayShaan","60086","0","3","2","32","0","2026-01-09 18:59:52","https://x.com/JaayShaan/status/2009618629571248424","<a href=""http://twitter.com/download/android"" rel=""nofollow"">Twitter for Android</a>","#VijayHazareTrophy2025, #RanjiTrophy","","",""
"2010221081685307453","The WPL has started with a bang, a last ball finish, 200 plus score which was closely contested by UPW and a thumping comeback win for MI.

There have been some wonderful young talents on display so far, Nadine De Klerk living upto the promise she showed in WC, Chinelle Henry with the bat, Sajeevan Sajana with the bat in the 1st game for MI. 

Despite all these top performances, my pick of the week till now has to Phoebe Litchfield.

This girl is going to be some player 🔥

Who were the players that have impressed you so far? #WPL26","en","Tweet","Ashwin 🇮🇳","ashwinravi99","125235","83","90","10","3438","47","2026-01-11 10:53:48","https://x.com/ashwinravi99/status/2010221081685307453","<a href=""http://twitter.com/download/iphone"" rel=""nofollow"">Twitter for iPhone</a>","#WPL26","","photo","https://pbs.twimg.com/media/G-W88_caMAAmumS.jpg"
"2010027052997767668","MI Capetown have hit their strides after such an ordinary start in yet another tournament.

How much will they score tonight? 🔥#SA20","en","Tweet","Ashwin 🇮🇳","ashwinravi99","49103","48","59","3","1773","4","2026-01-10 22:02:48","https://x.com/ashwinravi99/status/2010027052997767668","<a href=""http://twitter.com/download/iphone"" rel=""nofollow"">Twitter for iPhone</a>","#SA20","","",""
"2009681906254917974","Great start to the WPL. 🔥🔥🔥 
Well done to RCB!
De Klerk lives up to the promise.👌#WPL2026 #RCBvMI","en","Tweet","Ashwin 🇮🇳","ashwinravi99","132050","84","696","4","14071","36","2026-01-09 23:11:19","https://x.com/ashwinravi99/status/2009681906254917974","<a href=""http://twitter.com/download/iphone"" rel=""nofollow"">Twitter for iPhone</a>","#WPL2026, #RCBvMI","","",""
"2009675424163623245","https://t.co/mcM3O0voI9","zxx","Tweet","Ashwin 🇮🇳","ashwinravi99","41966","19","18","3","675","8","2026-01-09 22:45:33","https://x.com/ashwinravi99/status/2009675424163623245","<a href=""http://twitter.com/download/iphone"" rel=""nofollow"">Twitter for iPhone</a>","","","animated_gif","https://video.twimg.com/tweet_video/G-PNJHpasAQK5wh.mp4"
"2009654944614449527","Plans for tomorrow, 4:30 PM IST, @ashwinravi99? 👀","en","Quoted","Paarl Royals","paarlroyals","49813","0","7","1","165","2","2026-01-09 21:24:11","https://x.com/paarlroyals/status/2009654944614449527","<a href=""https://mobile.twitter.com"" rel=""nofollow"">Twitter Web App</a>","","","",""
"2009587762517991476","The rapid development of X with both the bat and ball over the last 3 weeks has been sensational. 

I hope Y can somehow find space for X in their playing XII come IPL 2026. ID X and Y. #KuttiQuizWithAsh https://t.co/5SW8lLNnyL","en","Tweet","Ashwin 🇮🇳","ashwinravi99","166362","102","35","8","1990","42","2026-01-09 16:57:13","https://x.com/ashwinravi99/status/2009587762517991476","<a href=""http://twitter.com/download/iphone"" rel=""nofollow"">Twitter for iPhone</a>","#KuttiQuizWithAsh","","photo","https://pbs.twimg.com/media/G-N7UVQbwAAGO4o.jpg"
"2009586643934826936","This is gold!

Hope more people can talk about awareness as a concept to shield their wicket &amp; how executing with awareness will result in flawless stroke play.

There is no one way to playing the game and technique is only how that person perceives it.🤩🤩","en","Tweet","Ashwin 🇮🇳","ashwinravi99","160853","32","147","4","2517","216","2026-01-09 16:52:46","https://x.com/ashwinravi99/status/2009586643934826936","<a href=""http://twitter.com/download/iphone"" rel=""nofollow"">Twitter for iPhone</a>","","","",""
"2009493777560555867","Wait for it.... 😂

Steve Smith finally tells us what THAT hand signal means! https://t.co/X37ijgZtaD","en","Quoted","cricket.com.au","cricketcomau","278636","17","110","6","1567","126","2026-01-09 10:43:45","https://x.com/cricketcomau/status/2009493777560555867","<a href=""https://mobile.twitter.com"" rel=""nofollow"">Twitter Web App</a>","","","video","https://video.twimg.com/amplify_video/2009488573670842368/vid/avc1/1080x1920/k_ZGN3zHi9Zdfjkj.mp4?tag=21"
"2009579023442317578","Dint happen  yesterday but watch out for this fella👌👌

 Born in Jersey, plays for Jersey and Glamorgan. https://t.co/ZaanzLP1Y4","en","Tweet","Ashwin 🇮🇳","ashwinravi99","283253","51","73","11","2308","54","2026-01-09 16:22:30","https://x.com/ashwinravi99/status/2009579023442317578","<a href=""http://twitter.com/download/iphone"" rel=""nofollow"">Twitter for iPhone</a>","","","photo","https://pbs.twimg.com/media/G-N1d9SbQAEi3xL.jpg"
"2009302800799342911","Asa Tribe going to bat at The Wanderers this evening. 
Try watch….","en","Quoted","Kevin Pietersen🦏","KP24","334683","44","26","5","981","18","2026-01-08 22:04:53","https://x.com/KP24/status/2009302800799342911","<a href=""http://twitter.com/download/iphone"" rel=""nofollow"">Twitter for iPhone</a>","","","",""
"2009137498803626389","Absolutely! @beastieboy07  🐙","en","Tweet","Ashwin 🇮🇳","ashwinravi99","49945","6","8","0","390","4","2026-01-08 11:08:02","https://x.com/ashwinravi99/status/2009137498803626389","<a href=""http://twitter.com/download/iphone"" rel=""nofollow"">Twitter for iPhone</a>","","","",""
"2009136816922960085","@ashwinravi99 @Uz_Khawaja And congratulations to @beastieboy07  for the correct nail prediction!! Adutha octopus avara? 🤔🤣","en","Quoted","Ramachandran B","ramchu_raja","52452","3","0","1","11","0","2026-01-08 11:05:19","https://x.com/ramchu_raja/status/2009136816922960085","<a href=""http://twitter.com/download/iphone"" rel=""nofollow"">Twitter for iPhone</a>","","","",""
"2009106349360369933","Australia win the Ashes 4-1 without Cummins( played 1 test ), Hazlewood and Lyon.

Well done Australia👏👏 

Congratulations to @Uz_Khawaja on a wonderful career👏👏

There were glimpses of brilliance from England, but not enough to compete or win a test series down under. 
Loads to ponder 🤔 #Ashes25 

Special mention to @TheBarmyArmy , they were wonderful as always and supported their team till the end.","en","Tweet","Ashwin 🇮🇳","ashwinravi99","322967","135","519","11","13854","89","2026-01-08 09:04:15","https://x.com/ashwinravi99/status/2009106349360369933","<a href=""http://twitter.com/download/iphone"" rel=""nofollow"">Twitter for iPhone</a>","#Ashes25","","",""
"2008930645922443571","171(95), 50(26), 190(84), 68(24), 108*(61), 46(25) & 127(74) today.

These are just some of Vaibhav Suryavanshi’s scores in the last 30 days across domestic & U19 cricket.

Enna thambi, indha adi podhuma, illa innum konjam venuma? 
Translation ( what’s all this brother? Is this sample enough or are you going to raise the bar further )

You can't explain in words what this kid is doing at 14.

With the U19 WC round the corner where he’s expected to be the showstopper, followed immediately by the leap to the IPL for his first full season as an opener stepping into the big shoes of Sanju, the next four months of #VaibhavWatch is going to be exciting, telling us everything about his temperament, hunger & character.","en","Tweet","Ashwin 🇮🇳","ashwinravi99","327783","225","539","36","8795","146","2026-01-07 21:26:04","https://x.com/ashwinravi99/status/2008930645922443571","<a href=""http://twitter.com/download/iphone"" rel=""nofollow"">Twitter for iPhone</a>","#VaibhavWatch","","photo","https://pbs.twimg.com/media/G-EnxYDagAERhZX.jpg"
"2008755800223994244","Scouting is a frequently used term in modern day cricket and most franchisees recruit several scouts in order to ensure they don’t miss out on match winners like Bumrah and Hardik.

Having mentioned two wonderful picks from the MI stables, it’s important to place RR right up there in the top 2.

Yet again RR have struck gold through Aman Rao, he just went ahead smashed a double hundred in the VHT against Bengal.

Note : Bengal’s bowling attack comprised of Shami, Akash Deep and Shahbaz ( all have intl experience )

What stood out with Aman was that his innings wasn’t in one tempo, which you often see with modern day batters.

His first 100 came from 108 balls, after which he went on beast mode.
He got his next 100 in just 46 deliveries and some of those hits were monstrous, which illustrated his power hitting prowess.

The shot of the day was when he picked a slower delivery from Shami and timed it smoothly over extra cover for a six.

Most importantly, when he is batting you can almost forget all numbers & nuances and just watch him bat because it’s so easy on the eye.

Can’t wait to watch how Aman  progresses from here on🤩","en","Tweet","Ashwin 🇮🇳","ashwinravi99","367927","139","324","18","7989","204","2026-01-07 09:51:18","https://x.com/ashwinravi99/status/2008755800223994244","<a href=""http://twitter.com/download/iphone"" rel=""nofollow"">Twitter for iPhone</a>","","","photo","https://pbs.twimg.com/media/G-CIwDPaEAA3BO5.jpg"
"2008518173948342308","JAPPI WATCH 👀

Gurjapneet Singh’s comeback story 🔥
after some injury setbacks last season, is heartwarming to see.

The tall left arm pacer who has a wonderful slower ball is shining through in the Vijay Hazare Trophy.

15 wickets in 6 matches, including a 6/26 vs Tripura to power TN to a much needed victory. 💪🏏

It’s important to note that he represented India in the Asia Cup Rising Stars tournament and picked up 7 wickets from 4 games as well.

Best wishes for a solid “summer of 26”👏👏","en","Tweet","Ashwin 🇮🇳","ashwinravi99","136594","64","117","1","3044","47","2026-01-06 18:07:03","https://x.com/ashwinravi99/status/2008518173948342308","<a href=""http://twitter.com/download/iphone"" rel=""nofollow"">Twitter for iPhone</a>","","","photo","https://pbs.twimg.com/media/G9-woSob0AItSF8.jpg
https://pbs.twimg.com/media/G9-woSlbcAQdS8I.jpg
https://pbs.twimg.com/media/G9-woSobcAAPAZr.jpg"
"2007488520957636788","https://t.co/HHQBSbffTK","zxx","Tweet","Ashwin 🇮🇳","ashwinravi99","81116","47","61","2","1321","20","2026-01-03 21:55:35","https://x.com/ashwinravi99/status/2007488520957636788","<a href=""http://twitter.com/download/iphone"" rel=""nofollow"">Twitter for iPhone</a>","","","animated_gif","https://video.twimg.com/tweet_video/G9wIKXIaQAERY0C.mp4"
"2007418590300094883","Now it’s Rajasthan’s turn to defeat Tamil Nadu in vijay Hazare trophy. From 136/1 in 18 overs chasing 226 , TN fold to 215. Extremely disappointing only solution is @ashwinravi99 to take over as head coach.","en","Quoted","Prasanna","prasannalara","138787","39","32","11","1096","16","2026-01-03 17:17:42","https://x.com/prasannalara/status/2007418590300094883","<a href=""http://twitter.com/download/iphone"" rel=""nofollow"">Twitter for iPhone</a>","","","",""
"2007423462575640904","No matter how you feel.

Get up, dress up, pad up, show up and never give up.

It can be hard to miss but such is the competition for places in the Indian team. #RuturajGaikwad https://t.co/A1taarpMdF","en","Tweet","Ashwin 🇮🇳","ashwinravi99","493140","428","2755","113","32636","463","2026-01-03 17:37:04","https://x.com/ashwinravi99/status/2007423462575640904","<a href=""http://twitter.com/download/iphone"" rel=""nofollow"">Twitter for iPhone</a>","#RuturajGaikwad","","photo","https://pbs.twimg.com/media/G9vM_3YasAItsEH.jpg"
"2007412214660239550","Padikkal adikkala. Idikkaraan! 🚪 

147, 124, 22, 113, 108. 4 hundreds in 5 games in the Hazare this season.

Overall List A numbers: 2585 runs at 83.38, with 13 hundreds in just 38 innings.

Absolutely mind boggling. 

An ODI call up soon? https://t.co/L5zpmr9ysE","en","Tweet","Ashwin 🇮🇳","ashwinravi99","151896","175","706","28","12933","106","2026-01-03 16:52:22","https://x.com/ashwinravi99/status/2007412214660239550","<a href=""http://twitter.com/download/iphone"" rel=""nofollow"">Twitter for iPhone</a>","","","photo","https://pbs.twimg.com/media/G9vAZCibIAAISpS.jpg"
"2007411390399860876","Tamil Nadu opted to bowl first and Varun Chakravarthy struck gold on return with a 4-wicket haul to restrict Rajasthan for 225. 

In reply, TN cruised early with a magnificent 121-run opening stand, only to unravel once again. 

Winning is a habit, but heartbreakingly, so is losing for Tamil Nadu this season.","en","Tweet","Ashwin 🇮🇳","ashwinravi99","213122","63","44","6","1867","27","2026-01-03 16:49:06","https://x.com/ashwinravi99/status/2007411390399860876","<a href=""http://twitter.com/download/iphone"" rel=""nofollow"">Twitter for iPhone</a>","","","photo","https://pbs.twimg.com/media/G9vCBJnaYAAepPw.jpg
https://pbs.twimg.com/media/G9vCBJrasAMujH9.jpg"
"2007322774302577042","Let’s add Shivang to the 
“watch out for this player” list for the upcoming IPL season.

Shall we?

Great spot @SunRisers 👏👏 . https://t.co/v9MNreYufO","en","Tweet","Ashwin 🇮🇳","ashwinravi99","244068","59","193","25","3055","83","2026-01-03 10:56:58","https://x.com/ashwinravi99/status/2007322774302577042","<a href=""http://twitter.com/download/iphone"" rel=""nofollow"">Twitter for iPhone</a>","","","photo","https://pbs.twimg.com/media/G9txaDabUAA-gYW.jpg
https://pbs.twimg.com/media/G9txaDfasAACloZ.jpg
https://pbs.twimg.com/media/G9txaDaaUAAwJmv.jpg"
"2006806786414883111","No ball?👀#SA20League https://t.co/htsa7FoVXo","en","Tweet","Ashwin 🇮🇳","ashwinravi99","113851","166","74","16","2194","23","2026-01-02 00:46:37","https://x.com/ashwinravi99/status/2006806786414883111","<a href=""http://twitter.com/download/iphone"" rel=""nofollow"">Twitter for iPhone</a>","#SA20League","","photo","https://pbs.twimg.com/media/G9mcIllawAALW2l.jpg"
"2006777129720316323","Don F🔥🔥 #SA20 

Serious muscle 💪","en","Tweet","Ashwin 🇮🇳","ashwinravi99","90866","90","165","4","4084","16","2026-01-01 22:48:46","https://x.com/ashwinravi99/status/2006777129720316323","<a href=""http://twitter.com/download/iphone"" rel=""nofollow"">Twitter for iPhone</a>","#SA20","","",""
"2006763112226320551","Salt and Pepper gave ADKR the perfect start, and then the collapse.

 100 + opening partnership  to folding up for just 158 in the #ILT20 https://t.co/6oHT491dn4","en","Tweet","Ashwin 🇮🇳","ashwinravi99","136403","44","43","6","1657","15","2026-01-01 21:53:04","https://x.com/ashwinravi99/status/2006763112226320551","<a href=""http://twitter.com/download/iphone"" rel=""nofollow"">Twitter for iPhone</a>","#ILT20","","photo","https://pbs.twimg.com/media/G9l0aRvagAAUWSd.jpg"
"2006760892806078852","After the 86 all out in the last game, DSG will find it very hard to chase anything more than 160 on this pitch at the Wanderers.

Akeal and Subrayen should be a handful. #SA20League https://t.co/bIVT3zNs28","en","Tweet","Ashwin 🇮🇳","ashwinravi99","54877","37","51","4","1513","12","2026-01-01 21:44:15","https://x.com/ashwinravi99/status/2006760892806078852","<a href=""http://twitter.com/download/iphone"" rel=""nofollow"">Twitter for iPhone</a>","#SA20League","","photo","https://pbs.twimg.com/media/G9lyZMpbsAAcouS.jpg"
"2006750525069688927","JSK are looking to make it three wins on the bounce and start 2026 strongly. #SA20League https://t.co/yJnkPzi8Hn","en","Tweet","Ashwin 🇮🇳","ashwinravi99","67279","56","159","13","5007","20","2026-01-01 21:03:03","https://x.com/ashwinravi99/status/2006750525069688927","<a href=""http://twitter.com/download/iphone"" rel=""nofollow"">Twitter for iPhone</a>","#SA20League","","photo","https://pbs.twimg.com/media/G9lo9jjbAAAxV_V.jpg"
